"Program","Year","Period","Week Ending","Geo Level","State","State ANSI","Ag District","Ag District Code","County","County ANSI","Zip Code","Region","watershed_code","Watershed","Commodity","Data Item","Domain","Domain Category","Value","CV (%)"
"CENSUS","2012","YEAR","","COUNTY","NORTH CAROLINA","37","CENTRAL COASTAL","80","CRAVEN","049","","","00000000","","CATTLE","CATTLE, INCL CALVES - SALES, MEASURED IN $","OPERATORS, PRINCIPAL","OPERATORS, PRINCIPAL: (GENDER = FEMALE)"," (D)","(L)"
"CENSUS","2012","YEAR","","COUNTY","NORTH CAROLINA","37","CENTRAL COASTAL","80","JOHNSTON","101","","","00000000","","CATTLE","CATTLE, INCL CALVES - SALES, MEASURED IN $","OPERATORS, PRINCIPAL","OPERATORS, PRINCIPAL: (GENDER = FEMALE)","96,000","(L)"
"CENSUS","2012","YEAR","","COUNTY","NORTH CAROLINA","37","CENTRAL COASTAL","80","LENOIR","107","","","00000000","","CATTLE","CATTLE, INCL CALVES - SALES, MEASURED IN $","OPERATORS, PRINCIPAL","OPERATORS, PRINCIPAL: (GENDER = FEMALE)"," (D)","(L)"
"CENSUS","2012","YEAR","","COUNTY","NORTH CAROLINA","37","CENTRAL COASTAL","80","PITT","147","","","00000000","","CATTLE","CATTLE, INCL CALVES - SALES, MEASURED IN $","OPERATORS, PRINCIPAL","OPERATORS, PRINCIPAL: (GENDER = FEMALE)","14,000","(L)"
"CENSUS","2012","YEAR","","COUNTY","NORTH CAROLINA","37","CENTRAL COASTAL","80","WAYNE","191","","","00000000","","CATTLE","CATTLE, INCL CALVES - SALES, MEASURED IN $","OPERATORS, PRINCIPAL","OPERATORS, PRINCIPAL: (GENDER = FEMALE)","339,000","(L)"
"CENSUS","2012","YEAR","","COUNTY","NORTH CAROLINA","37","CENTRAL COASTAL","80","WILSON","195","","","00000000","","CATTLE","CATTLE, INCL CALVES - SALES, MEASURED IN $","OPERATORS, PRINCIPAL","OPERATORS, PRINCIPAL: (GENDER = FEMALE)"," (D)","(L)"
"CENSUS","2012","YEAR","","COUNTY","NORTH CAROLINA","37","CENTRAL PIEDMONT","50","ALEXANDER","003","","","00000000","","CATTLE","CATTLE, INCL CALVES - SALES, MEASURED IN $","OPERATORS, PRINCIPAL","OPERATORS, PRINCIPAL: (GENDER = FEMALE)","439,000","6.0"
"CENSUS","2012","YEAR","","COUNTY","NORTH CAROLINA","37","CENTRAL PIEDMONT","50","CATAWBA","035","","","00000000","","CATTLE","CATTLE, INCL CALVES - SALES, MEASURED IN $","OPERATORS, PRINCIPAL","OPERATORS, PRINCIPAL: (GENDER = FEMALE)","122,000","(L)"
"CENSUS","2012","YEAR","","COUNTY","NORTH CAROLINA","37","CENTRAL PIEDMONT","50","CHATHAM","037","","","00000000","","CATTLE","CATTLE, INCL CALVES - SALES, MEASURED IN $","OPERATORS, PRINCIPAL","OPERATORS, PRINCIPAL: (GENDER = FEMALE)","667,000","(L)"
"CENSUS","2012","YEAR","","COUNTY","NORTH CAROLINA","37","CENTRAL PIEDMONT","50","DAVIDSON","057","","","00000000","","CATTLE","CATTLE, INCL CALVES - SALES, MEASURED IN $","OPERATORS, PRINCIPAL","OPERATORS, PRINCIPAL: (GENDER = FEMALE)"," (D)","(L)"
"CENSUS","2012","YEAR","","COUNTY","NORTH CAROLINA","37","CENTRAL PIEDMONT","50","DAVIE","059","","","00000000","","CATTLE","CATTLE, INCL CALVES - SALES, MEASURED IN $","OPERATORS, PRINCIPAL","OPERATORS, PRINCIPAL: (GENDER = FEMALE)"," (D)","(L)"
"CENSUS","2012","YEAR","","COUNTY","NORTH CAROLINA","37","CENTRAL PIEDMONT","50","IREDELL","097","","","00000000","","CATTLE","CATTLE, INCL CALVES - SALES, MEASURED IN $","OPERATORS, PRINCIPAL","OPERATORS, PRINCIPAL: (GENDER = FEMALE)","781,000","(L)"
"CENSUS","2012","YEAR","","COUNTY","NORTH CAROLINA","37","CENTRAL PIEDMONT","50","LEE","105","","","00000000","","CATTLE","CATTLE, INCL CALVES - SALES, MEASURED IN $","OPERATORS, PRINCIPAL","OPERATORS, PRINCIPAL: (GENDER = FEMALE)"," (D)","(L)"
"CENSUS","2012","YEAR","","COUNTY","NORTH CAROLINA","37","CENTRAL PIEDMONT","50","RANDOLPH","151","","","00000000","","CATTLE","CATTLE, INCL CALVES - SALES, MEASURED IN $","OPERATORS, PRINCIPAL","OPERATORS, PRINCIPAL: (GENDER = FEMALE)","401,000","(L)"
"CENSUS","2012","YEAR","","COUNTY","NORTH CAROLINA","37","CENTRAL PIEDMONT","50","ROWAN","159","","","00000000","","CATTLE","CATTLE, INCL CALVES - SALES, MEASURED IN $","OPERATORS, PRINCIPAL","OPERATORS, PRINCIPAL: (GENDER = FEMALE)","1,614,000","(L)"
"CENSUS","2012","YEAR","","COUNTY","NORTH CAROLINA","37","CENTRAL PIEDMONT","50","WAKE","183","","","00000000","","CATTLE","CATTLE, INCL CALVES - SALES, MEASURED IN $","OPERATORS","OPERATORS: (RACE = BLACK OR AFRICAN AMERICAN, ALONE OR COMBINED WITH OTHER RACES)","78,000","(L)"
"CENSUS","2012","YEAR","","COUNTY","NORTH CAROLINA","37","CENTRAL PIEDMONT","50","WAKE","183","","","00000000","","CATTLE","CATTLE, INCL CALVES - SALES, MEASURED IN $","OPERATORS","OPERATORS: (RACE = WHITE, ALONE OR COMBINED WITH OTHER RACES)","889,000","(L)"
"CENSUS","2012","YEAR","","COUNTY","NORTH CAROLINA","37","CENTRAL PIEDMONT","50","WAKE","183","","","00000000","","CATTLE","CATTLE, INCL CALVES - SALES, MEASURED IN $","OPERATORS, PRINCIPAL","OPERATORS, PRINCIPAL: (GENDER = FEMALE)","120,000","(L)"
"CENSUS","2012","YEAR","","COUNTY","NORTH CAROLINA","37","NORTHERN COASTAL","70","BERTIE","015","","","00000000","","CATTLE","CATTLE, INCL CALVES - SALES, MEASURED IN $","OPERATORS","OPERATORS: (RACE = WHITE, ALONE OR COMBINED WITH OTHER RACES)"," (D)","6.0"
"CENSUS","2012","YEAR","","COUNTY","NORTH CAROLINA","37","NORTHERN COASTAL","70","BERTIE","015","","","00000000","","CATTLE","CATTLE, INCL CALVES - SALES, MEASURED IN $","OPERATORS, PRINCIPAL","OPERATORS, PRINCIPAL: (GENDER = FEMALE)"," (D)","(L)"
"CENSUS","2012","YEAR","","COUNTY","NORTH CAROLINA","37","NORTHERN COASTAL","70","GATES","073","","","00000000","","CATTLE","CATTLE, INCL CALVES - SALES, MEASURED IN $","OPERATORS, PRINCIPAL","OPERATORS, PRINCIPAL: (GENDER = FEMALE)"," (D)","(L)"
"CENSUS","2012","YEAR","","COUNTY","NORTH CAROLINA","37","NORTHERN COASTAL","70","HALIFAX","083","","","00000000","","CATTLE","CATTLE, INCL CALVES - SALES, MEASURED IN $","OPERATORS","OPERATORS: (RACE = BLACK OR AFRICAN AMERICAN, ALONE OR COMBINED WITH OTHER RACES)"," (D)","(L)"
"CENSUS","2012","YEAR","","COUNTY","NORTH CAROLINA","37","NORTHERN COASTAL","70","HALIFAX","083","","","00000000","","CATTLE","CATTLE, INCL CALVES - SALES, MEASURED IN $","OPERATORS","OPERATORS: (RACE = WHITE, ALONE OR COMBINED WITH OTHER RACES)"," (D)","(L)"
"CENSUS","2012","YEAR","","COUNTY","NORTH CAROLINA","37","NORTHERN COASTAL","70","HALIFAX","083","","","00000000","","CATTLE","CATTLE, INCL CALVES - SALES, MEASURED IN $","OPERATORS, PRINCIPAL","OPERATORS, PRINCIPAL: (GENDER = FEMALE)"," (D)","(L)"
"CENSUS","2012","YEAR","","COUNTY","NORTH CAROLINA","37","NORTHERN COASTAL","70","MARTIN","117","","","00000000","","CATTLE","CATTLE, INCL CALVES - SALES, MEASURED IN $","OPERATORS, PRINCIPAL","OPERATORS, PRINCIPAL: (GENDER = FEMALE)"," (D)","(L)"
"CENSUS","2012","YEAR","","COUNTY","NORTH CAROLINA","37","NORTHERN COASTAL","70","NASH","127","","","00000000","","CATTLE","CATTLE, INCL CALVES - SALES, MEASURED IN $","OPERATORS","OPERATORS: (RACE = BLACK OR AFRICAN AMERICAN, ALONE OR COMBINED WITH OTHER RACES)","51,000","(L)"
"CENSUS","2012","YEAR","","COUNTY","NORTH CAROLINA","37","NORTHERN COASTAL","70","NASH","127","","","00000000","","CATTLE","CATTLE, INCL CALVES - SALES, MEASURED IN $","OPERATORS","OPERATORS: (RACE = WHITE, ALONE OR COMBINED WITH OTHER RACES)","4,288,000","(L)"
"CENSUS","2012","YEAR","","COUNTY","NORTH CAROLINA","37","NORTHERN COASTAL","70","NASH","127","","","00000000","","CATTLE","CATTLE, INCL CALVES - SALES, MEASURED IN $","OPERATORS, PRINCIPAL","OPERATORS, PRINCIPAL: (GENDER = FEMALE)"," (D)","(L)"
"CENSUS","2012","YEAR","","COUNTY","NORTH CAROLINA","37","NORTHERN COASTAL","70","NORTHAMPTON","131","","","00000000","","CATTLE","CATTLE, INCL CALVES - SALES, MEASURED IN $","OPERATORS","OPERATORS: (RACE = BLACK OR AFRICAN AMERICAN, ALONE OR COMBINED WITH OTHER RACES)","9,000","(L)"
"CENSUS","2012","YEAR","","COUNTY","NORTH CAROLINA","37","NORTHERN COASTAL","70","NORTHAMPTON","131","","","00000000","","CATTLE","CATTLE, INCL CALVES - SALES, MEASURED IN $","OPERATORS","OPERATORS: (RACE = WHITE, ALONE OR COMBINED WITH OTHER RACES)","152,000","(L)"
"CENSUS","2012","YEAR","","COUNTY","NORTH CAROLINA","37","NORTHERN COASTAL","70","NORTHAMPTON","131","","","00000000","","CATTLE","CATTLE, INCL CALVES - SALES, MEASURED IN $","OPERATORS, PRINCIPAL","OPERATORS, PRINCIPAL: (GENDER = FEMALE)"," (D)","(L)"
"CENSUS","2012","YEAR","","COUNTY","NORTH CAROLINA","37","NORTHERN MOUNTAIN","10","ALLEGHANY","005","","","00000000","","CATTLE","CATTLE, INCL CALVES - SALES, MEASURED IN $","OPERATORS, PRINCIPAL","OPERATORS, PRINCIPAL: (GENDER = FEMALE)"," (D)","6.0"
"CENSUS","2012","YEAR","","COUNTY","NORTH CAROLINA","37","NORTHERN MOUNTAIN","10","ASHE","009","","","00000000","","CATTLE","CATTLE, INCL CALVES - SALES, MEASURED IN $","OPERATORS, PRINCIPAL","OPERATORS, PRINCIPAL: (GENDER = FEMALE)","450,000","6.0"
"CENSUS","2012","YEAR","","COUNTY","NORTH CAROLINA","37","NORTHERN MOUNTAIN","10","CALDWELL","027","","","00000000","","CATTLE","CATTLE, INCL CALVES - SALES, MEASURED IN $","OPERATORS, PRINCIPAL","OPERATORS, PRINCIPAL: (GENDER = FEMALE)"," (D)","(L)"
"CENSUS","2012","YEAR","","COUNTY","NORTH CAROLINA","37","NORTHERN MOUNTAIN","10","SURRY","171","","","00000000","","CATTLE","CATTLE, INCL CALVES - SALES, MEASURED IN $","OPERATORS, PRINCIPAL","OPERATORS, PRINCIPAL: (GENDER = FEMALE)"," (D)","(L)"
"CENSUS","2012","YEAR","","COUNTY","NORTH CAROLINA","37","NORTHERN MOUNTAIN","10","WATAUGA","189","","","00000000","","CATTLE","CATTLE, INCL CALVES - SALES, MEASURED IN $","OPERATORS, PRINCIPAL","OPERATORS, PRINCIPAL: (GENDER = FEMALE)","52,000","(L)"
"CENSUS","2012","YEAR","","COUNTY","NORTH CAROLINA","37","NORTHERN MOUNTAIN","10","WILKES","193","","","00000000","","CATTLE","CATTLE, INCL CALVES - SALES, MEASURED IN $","OPERATORS, PRINCIPAL","OPERATORS, PRINCIPAL: (GENDER = FEMALE)","215,000","(L)"
"CENSUS","2012","YEAR","","COUNTY","NORTH CAROLINA","37","NORTHERN MOUNTAIN","10","YADKIN","197","","","00000000","","CATTLE","CATTLE, INCL CALVES - SALES, MEASURED IN $","OPERATORS, PRINCIPAL","OPERATORS, PRINCIPAL: (GENDER = FEMALE)","85,000","(L)"
"CENSUS","2012","YEAR","","COUNTY","NORTH CAROLINA","37","NORTHERN PIEDMONT","40","ALAMANCE","001","","","00000000","","CATTLE","CATTLE, INCL CALVES - SALES, MEASURED IN $","OPERATORS, PRINCIPAL","OPERATORS, PRINCIPAL: (GENDER = FEMALE)","199,000","6.0"
"CENSUS","2012","YEAR","","COUNTY","NORTH CAROLINA","37","NORTHERN PIEDMONT","40","CASWELL","033","","","00000000","","CATTLE","CATTLE, INCL CALVES - SALES, MEASURED IN $","OPERATORS","OPERATORS: (RACE = BLACK OR AFRICAN AMERICAN, ALONE OR COMBINED WITH OTHER RACES)","77,000","(L)"
"CENSUS","2012","YEAR","","COUNTY","NORTH CAROLINA","37","NORTHERN PIEDMONT","40","CASWELL","033","","","00000000","","CATTLE","CATTLE, INCL CALVES - SALES, MEASURED IN $","OPERATORS","OPERATORS: (RACE = WHITE, ALONE OR COMBINED WITH OTHER RACES)","4,531,000","6.0"
"CENSUS","2012","YEAR","","COUNTY","NORTH CAROLINA","37","NORTHERN PIEDMONT","40","CASWELL","033","","","00000000","","CATTLE","CATTLE, INCL CALVES - SALES, MEASURED IN $","OPERATORS, PRINCIPAL","OPERATORS, PRINCIPAL: (GENDER = FEMALE)"," (D)","(L)"
"CENSUS","2012","YEAR","","COUNTY","NORTH CAROLINA","37","NORTHERN PIEDMONT","40","DURHAM","063","","","00000000","","CATTLE","CATTLE, INCL CALVES - SALES, MEASURED IN $","OPERATORS, PRINCIPAL","OPERATORS, PRINCIPAL: (GENDER = FEMALE)","87,000","(L)"
"CENSUS","2012","YEAR","","COUNTY","NORTH CAROLINA","37","NORTHERN PIEDMONT","40","FORSYTH","067","","","00000000","","CATTLE","CATTLE, INCL CALVES - SALES, MEASURED IN $","OPERATORS, PRINCIPAL","OPERATORS, PRINCIPAL: (GENDER = FEMALE)","33,000","(L)"
"CENSUS","2012","YEAR","","COUNTY","NORTH CAROLINA","37","NORTHERN PIEDMONT","40","FRANKLIN","069","","","00000000","","CATTLE","CATTLE, INCL CALVES - SALES, MEASURED IN $","OPERATORS","OPERATORS: (RACE = BLACK OR AFRICAN AMERICAN, ALONE OR COMBINED WITH OTHER RACES)","38,000","(L)"
"CENSUS","2012","YEAR","","COUNTY","NORTH CAROLINA","37","NORTHERN PIEDMONT","40","FRANKLIN","069","","","00000000","","CATTLE","CATTLE, INCL CALVES - SALES, MEASURED IN $","OPERATORS","OPERATORS: (RACE = WHITE, ALONE OR COMBINED WITH OTHER RACES)","6,632,000","(L)"
"CENSUS","2012","YEAR","","COUNTY","NORTH CAROLINA","37","NORTHERN PIEDMONT","40","FRANKLIN","069","","","00000000","","CATTLE","CATTLE, INCL CALVES - SALES, MEASURED IN $","OPERATORS, PRINCIPAL","OPERATORS, PRINCIPAL: (GENDER = FEMALE)","182,000","(L)"
"CENSUS","2012","YEAR","","COUNTY","NORTH CAROLINA","37","NORTHERN PIEDMONT","40","GRANVILLE","077","","","00000000","","CATTLE","CATTLE, INCL CALVES - SALES, MEASURED IN $","OPERATORS","OPERATORS: (RACE = BLACK OR AFRICAN AMERICAN, ALONE OR COMBINED WITH OTHER RACES)"," (D)","(L)"
"CENSUS","2012","YEAR","","COUNTY","NORTH CAROLINA","37","NORTHERN PIEDMONT","40","GRANVILLE","077","","","00000000","","CATTLE","CATTLE, INCL CALVES - SALES, MEASURED IN $","OPERATORS","OPERATORS: (RACE = WHITE, ALONE OR COMBINED WITH OTHER RACES)","1,429,000","(L)"
"CENSUS","2012","YEAR","","COUNTY","NORTH CAROLINA","37","NORTHERN PIEDMONT","40","GRANVILLE","077","","","00000000","","CATTLE","CATTLE, INCL CALVES - SALES, MEASURED IN $","OPERATORS, PRINCIPAL","OPERATORS, PRINCIPAL: (GENDER = FEMALE)","126,000","(L)"
"CENSUS","2012","YEAR","","COUNTY","NORTH CAROLINA","37","NORTHERN PIEDMONT","40","GUILFORD","081","","","00000000","","CATTLE","CATTLE, INCL CALVES - SALES, MEASURED IN $","OPERATORS, PRINCIPAL","OPERATORS, PRINCIPAL: (GENDER = FEMALE)","27,000","(L)"
"CENSUS","2012","YEAR","","COUNTY","NORTH CAROLINA","37","NORTHERN PIEDMONT","40","ORANGE","135","","","00000000","","CATTLE","CATTLE, INCL CALVES - SALES, MEASURED IN $","OPERATORS","OPERATORS: (RACE = BLACK OR AFRICAN AMERICAN, ALONE OR COMBINED WITH OTHER RACES)","32,000","(L)"
"CENSUS","2012","YEAR","","COUNTY","NORTH CAROLINA","37","NORTHERN PIEDMONT","40","ORANGE","135","","","00000000","","CATTLE","CATTLE, INCL CALVES - SALES, MEASURED IN $","OPERATORS","OPERATORS: (RACE = WHITE, ALONE OR COMBINED WITH OTHER RACES)","2,915,000","(L)"
"CENSUS","2012","YEAR","","COUNTY","NORTH CAROLINA","37","NORTHERN PIEDMONT","40","ORANGE","135","","","00000000","","CATTLE","CATTLE, INCL CALVES - SALES, MEASURED IN $","OPERATORS, PRINCIPAL","OPERATORS, PRINCIPAL: (GENDER = FEMALE)","157,000","(L)"
"CENSUS","2012","YEAR","","COUNTY","NORTH CAROLINA","37","NORTHERN PIEDMONT","40","PERSON","145","","","00000000","","CATTLE","CATTLE, INCL CALVES - SALES, MEASURED IN $","OPERATORS","OPERATORS: (RACE = BLACK OR AFRICAN AMERICAN, ALONE OR COMBINED WITH OTHER RACES)","14,000","(L)"
"CENSUS","2012","YEAR","","COUNTY","NORTH CAROLINA","37","NORTHERN PIEDMONT","40","PERSON","145","","","00000000","","CATTLE","CATTLE, INCL CALVES - SALES, MEASURED IN $","OPERATORS","OPERATORS: (RACE = WHITE, ALONE OR COMBINED WITH OTHER RACES)","2,596,000","(L)"
"CENSUS","2012","YEAR","","COUNTY","NORTH CAROLINA","37","NORTHERN PIEDMONT","40","PERSON","145","","","00000000","","CATTLE","CATTLE, INCL CALVES - SALES, MEASURED IN $","OPERATORS, PRINCIPAL","OPERATORS, PRINCIPAL: (GENDER = FEMALE)","22,000","(L)"
"CENSUS","2012","YEAR","","COUNTY","NORTH CAROLINA","37","NORTHERN PIEDMONT","40","ROCKINGHAM","157","","","00000000","","CATTLE","CATTLE, INCL CALVES - SALES, MEASURED IN $","OPERATORS, PRINCIPAL","OPERATORS, PRINCIPAL: (GENDER = FEMALE)","201,000","(L)"
"CENSUS","2012","YEAR","","COUNTY","NORTH CAROLINA","37","NORTHERN PIEDMONT","40","STOKES","169","","","00000000","","CATTLE","CATTLE, INCL CALVES - SALES, MEASURED IN $","OPERATORS, PRINCIPAL","OPERATORS, PRINCIPAL: (GENDER = FEMALE)","80,000","(L)"
"CENSUS","2012","YEAR","","COUNTY","NORTH CAROLINA","37","NORTHERN PIEDMONT","40","VANCE","181","","","00000000","","CATTLE","CATTLE, INCL CALVES - SALES, MEASURED IN $","OPERATORS, PRINCIPAL","OPERATORS, PRINCIPAL: (GENDER = FEMALE)"," (D)","(L)"
"CENSUS","2012","YEAR","","COUNTY","NORTH CAROLINA","37","NORTHERN PIEDMONT","40","WARREN","185","","","00000000","","CATTLE","CATTLE, INCL CALVES - SALES, MEASURED IN $","OPERATORS","OPERATORS: (RACE = BLACK OR AFRICAN AMERICAN, ALONE OR COMBINED WITH OTHER RACES)"," (D)","(L)"
"CENSUS","2012","YEAR","","COUNTY","NORTH CAROLINA","37","NORTHERN PIEDMONT","40","WARREN","185","","","00000000","","CATTLE","CATTLE, INCL CALVES - SALES, MEASURED IN $","OPERATORS","OPERATORS: (RACE = WHITE, ALONE OR COMBINED WITH OTHER RACES)"," (D)","(L)"
"CENSUS","2012","YEAR","","COUNTY","NORTH CAROLINA","37","SOUTHERN COASTAL","90","BLADEN","017","","","00000000","","CATTLE","CATTLE, INCL CALVES - SALES, MEASURED IN $","OPERATORS","OPERATORS: (RACE = BLACK OR AFRICAN AMERICAN, ALONE OR COMBINED WITH OTHER RACES)","24,000","(L)"
"CENSUS","2012","YEAR","","COUNTY","NORTH CAROLINA","37","SOUTHERN COASTAL","90","BLADEN","017","","","00000000","","CATTLE","CATTLE, INCL CALVES - SALES, MEASURED IN $","OPERATORS","OPERATORS: (RACE = WHITE, ALONE OR COMBINED WITH OTHER RACES)","911,000","6.0"
"CENSUS","2012","YEAR","","COUNTY","NORTH CAROLINA","37","SOUTHERN COASTAL","90","BLADEN","017","","","00000000","","CATTLE","CATTLE, INCL CALVES - SALES, MEASURED IN $","OPERATORS, PRINCIPAL","OPERATORS, PRINCIPAL: (GENDER = FEMALE)","73,000","(L)"
"CENSUS","2012","YEAR","","COUNTY","NORTH CAROLINA","37","SOUTHERN COASTAL","90","BRUNSWICK","019","","","00000000","","CATTLE","CATTLE, INCL CALVES - SALES, MEASURED IN $","OPERATORS","OPERATORS: (RACE = BLACK OR AFRICAN AMERICAN, ALONE OR COMBINED WITH OTHER RACES)","54,000","(L)"
"CENSUS","2012","YEAR","","COUNTY","NORTH CAROLINA","37","SOUTHERN COASTAL","90","BRUNSWICK","019","","","00000000","","CATTLE","CATTLE, INCL CALVES - SALES, MEASURED IN $","OPERATORS","OPERATORS: (RACE = WHITE, ALONE OR COMBINED WITH OTHER RACES)","412,000","6.0"
"CENSUS","2012","YEAR","","COUNTY","NORTH CAROLINA","37","SOUTHERN COASTAL","90","BRUNSWICK","019","","","00000000","","CATTLE","CATTLE, INCL CALVES - SALES, MEASURED IN $","OPERATORS, PRINCIPAL","OPERATORS, PRINCIPAL: (GENDER = FEMALE)"," (D)","(L)"
"CENSUS","2012","YEAR","","COUNTY","NORTH CAROLINA","37","SOUTHERN COASTAL","90","COLUMBUS","047","","","00000000","","CATTLE","CATTLE, INCL CALVES - SALES, MEASURED IN $","OPERATORS","OPERATORS: (RACE = AMERICAN INDIAN OR ALASKA NATIVE, ALONE OR COMBINED WITH OTHER RACES)","123,000","(L)"
"CENSUS","2012","YEAR","","COUNTY","NORTH CAROLINA","37","SOUTHERN COASTAL","90","COLUMBUS","047","","","00000000","","CATTLE","CATTLE, INCL CALVES - SALES, MEASURED IN $","OPERATORS","OPERATORS: (RACE = WHITE, ALONE OR COMBINED WITH OTHER RACES)","1,745,000","6.0"
"CENSUS","2012","YEAR","","COUNTY","NORTH CAROLINA","37","SOUTHERN COASTAL","90","COLUMBUS","047","","","00000000","","CATTLE","CATTLE, INCL CALVES - SALES, MEASURED IN $","OPERATORS, PRINCIPAL","OPERATORS, PRINCIPAL: (GENDER = FEMALE)","69,000","(L)"
"CENSUS","2012","YEAR","","COUNTY","NORTH CAROLINA","37","SOUTHERN COASTAL","90","CUMBERLAND","051","","","00000000","","CATTLE","CATTLE, INCL CALVES - SALES, MEASURED IN $","OPERATORS, PRINCIPAL","OPERATORS, PRINCIPAL: (GENDER = FEMALE)","8,000","(L)"
"CENSUS","2012","YEAR","","COUNTY","NORTH CAROLINA","37","SOUTHERN COASTAL","90","DUPLIN","061","","","00000000","","CATTLE","CATTLE, INCL CALVES - SALES, MEASURED IN $","OPERATORS","OPERATORS: (RACE = BLACK OR AFRICAN AMERICAN, ALONE OR COMBINED WITH OTHER RACES)"," (D)","(L)"
"CENSUS","2012","YEAR","","COUNTY","NORTH CAROLINA","37","SOUTHERN COASTAL","90","DUPLIN","061","","","00000000","","CATTLE","CATTLE, INCL CALVES - SALES, MEASURED IN $","OPERATORS","OPERATORS: (RACE = WHITE, ALONE OR COMBINED WITH OTHER RACES)","5,550,000","(L)"
"CENSUS","2012","YEAR","","COUNTY","NORTH CAROLINA","37","SOUTHERN COASTAL","90","DUPLIN","061","","","00000000","","CATTLE","CATTLE, INCL CALVES - SALES, MEASURED IN $","OPERATORS, PRINCIPAL","OPERATORS, PRINCIPAL: (GENDER = FEMALE)","99,000","(L)"
"CENSUS","2012","YEAR","","COUNTY","NORTH CAROLINA","37","SOUTHERN COASTAL","90","HARNETT","085","","","00000000","","CATTLE","CATTLE, INCL CALVES - SALES, MEASURED IN $","OPERATORS","OPERATORS: (RACE = WHITE, ALONE OR COMBINED WITH OTHER RACES)","3,008,000","(L)"
"CENSUS","2012","YEAR","","COUNTY","NORTH CAROLINA","37","SOUTHERN COASTAL","90","HARNETT","085","","","00000000","","CATTLE","CATTLE, INCL CALVES - SALES, MEASURED IN $","OPERATORS, PRINCIPAL","OPERATORS, PRINCIPAL: (GENDER = FEMALE)","42,000","(L)"
"CENSUS","2012","YEAR","","COUNTY","NORTH CAROLINA","37","SOUTHERN COASTAL","90","HOKE","093","","","00000000","","CATTLE","CATTLE, INCL CALVES - SALES, MEASURED IN $","OPERATORS, PRINCIPAL","OPERATORS, PRINCIPAL: (GENDER = FEMALE)"," (D)","(L)"
"CENSUS","2012","YEAR","","COUNTY","NORTH CAROLINA","37","SOUTHERN COASTAL","90","ONSLOW","133","","","00000000","","CATTLE","CATTLE, INCL CALVES - SALES, MEASURED IN $","OPERATORS, PRINCIPAL","OPERATORS, PRINCIPAL: (GENDER = FEMALE)"," (D)","(L)"
"CENSUS","2012","YEAR","","COUNTY","NORTH CAROLINA","37","SOUTHERN COASTAL","90","PENDER","141","","","00000000","","CATTLE","CATTLE, INCL CALVES - SALES, MEASURED IN $","OPERATORS","OPERATORS: (RACE = BLACK OR AFRICAN AMERICAN, ALONE OR COMBINED WITH OTHER RACES)","1,000","(L)"
"CENSUS","2012","YEAR","","COUNTY","NORTH CAROLINA","37","SOUTHERN COASTAL","90","PENDER","141","","","00000000","","CATTLE","CATTLE, INCL CALVES - SALES, MEASURED IN $","OPERATORS","OPERATORS: (RACE = WHITE, ALONE OR COMBINED WITH OTHER RACES)","454,000","(L)"
"CENSUS","2012","YEAR","","COUNTY","NORTH CAROLINA","37","SOUTHERN COASTAL","90","PENDER","141","","","00000000","","CATTLE","CATTLE, INCL CALVES - SALES, MEASURED IN $","OPERATORS, PRINCIPAL","OPERATORS, PRINCIPAL: (GENDER = FEMALE)","13,000","(L)"
"CENSUS","2012","YEAR","","COUNTY","NORTH CAROLINA","37","SOUTHERN COASTAL","90","ROBESON","155","","","00000000","","CATTLE","CATTLE, INCL CALVES - SALES, MEASURED IN $","OPERATORS","OPERATORS: (RACE = AMERICAN INDIAN OR ALASKA NATIVE, ALONE OR COMBINED WITH OTHER RACES)"," (D)","(L)"
"CENSUS","2012","YEAR","","COUNTY","NORTH CAROLINA","37","SOUTHERN COASTAL","90","ROBESON","155","","","00000000","","CATTLE","CATTLE, INCL CALVES - SALES, MEASURED IN $","OPERATORS","OPERATORS: (RACE = WHITE, ALONE OR COMBINED WITH OTHER RACES)"," (D)","(L)"
"CENSUS","2012","YEAR","","COUNTY","NORTH CAROLINA","37","SOUTHERN COASTAL","90","ROBESON","155","","","00000000","","CATTLE","CATTLE, INCL CALVES - SALES, MEASURED IN $","OPERATORS, PRINCIPAL","OPERATORS, PRINCIPAL: (GENDER = FEMALE)","43,000","(L)"
"CENSUS","2012","YEAR","","COUNTY","NORTH CAROLINA","37","SOUTHERN COASTAL","90","SAMPSON","163","","","00000000","","CATTLE","CATTLE, INCL CALVES - SALES, MEASURED IN $","OPERATORS","OPERATORS: (ETHNICITY = HISPANIC)"," (D)","(L)"
"CENSUS","2012","YEAR","","COUNTY","NORTH CAROLINA","37","SOUTHERN COASTAL","90","SAMPSON","163","","","00000000","","CATTLE","CATTLE, INCL CALVES - SALES, MEASURED IN $","OPERATORS","OPERATORS: (RACE = BLACK OR AFRICAN AMERICAN, ALONE OR COMBINED WITH OTHER RACES)"," (D)","(L)"
"CENSUS","2012","YEAR","","COUNTY","NORTH CAROLINA","37","SOUTHERN COASTAL","90","SAMPSON","163","","","00000000","","CATTLE","CATTLE, INCL CALVES - SALES, MEASURED IN $","OPERATORS","OPERATORS: (RACE = WHITE, ALONE OR COMBINED WITH OTHER RACES)","11,862,000","(L)"
"CENSUS","2012","YEAR","","COUNTY","NORTH CAROLINA","37","SOUTHERN COASTAL","90","SAMPSON","163","","","00000000","","CATTLE","CATTLE, INCL CALVES - SALES, MEASURED IN $","OPERATORS, PRINCIPAL","OPERATORS, PRINCIPAL: (GENDER = FEMALE)"," (D)","(L)"
"CENSUS","2012","YEAR","","COUNTY","NORTH CAROLINA","37","SOUTHERN PIEDMONT","60","ANSON","007","","","00000000","","CATTLE","CATTLE, INCL CALVES - SALES, MEASURED IN $","OPERATORS","OPERATORS: (RACE = BLACK OR AFRICAN AMERICAN, ALONE OR COMBINED WITH OTHER RACES)","89,000","(L)"
"CENSUS","2012","YEAR","","COUNTY","NORTH CAROLINA","37","SOUTHERN PIEDMONT","60","ANSON","007","","","00000000","","CATTLE","CATTLE, INCL CALVES - SALES, MEASURED IN $","OPERATORS","OPERATORS: (RACE = WHITE, ALONE OR COMBINED WITH OTHER RACES)"," (D)","6.0"
"CENSUS","2012","YEAR","","COUNTY","NORTH CAROLINA","37","SOUTHERN PIEDMONT","60","ANSON","007","","","00000000","","CATTLE","CATTLE, INCL CALVES - SALES, MEASURED IN $","OPERATORS, PRINCIPAL","OPERATORS, PRINCIPAL: (GENDER = FEMALE)","21,000","6.0"
"CENSUS","2012","YEAR","","COUNTY","NORTH CAROLINA","37","SOUTHERN PIEDMONT","60","CABARRUS","025","","","00000000","","CATTLE","CATTLE, INCL CALVES - SALES, MEASURED IN $","OPERATORS, PRINCIPAL","OPERATORS, PRINCIPAL: (GENDER = FEMALE)","279,000","(L)"
"CENSUS","2012","YEAR","","COUNTY","NORTH CAROLINA","37","SOUTHERN PIEDMONT","60","CLEVELAND","045","","","00000000","","CATTLE","CATTLE, INCL CALVES - SALES, MEASURED IN $","OPERATORS, PRINCIPAL","OPERATORS, PRINCIPAL: (GENDER = FEMALE)","109,000","(L)"
"CENSUS","2012","YEAR","","COUNTY","NORTH CAROLINA","37","SOUTHERN PIEDMONT","60","GASTON","071","","","00000000","","CATTLE","CATTLE, INCL CALVES - SALES, MEASURED IN $","OPERATORS, PRINCIPAL","OPERATORS, PRINCIPAL: (GENDER = FEMALE)","33,000","(L)"
"CENSUS","2012","YEAR","","COUNTY","NORTH CAROLINA","37","SOUTHERN PIEDMONT","60","LINCOLN","109","","","00000000","","CATTLE","CATTLE, INCL CALVES - SALES, MEASURED IN $","OPERATORS, PRINCIPAL","OPERATORS, PRINCIPAL: (GENDER = FEMALE)","356,000","(L)"
"CENSUS","2012","YEAR","","COUNTY","NORTH CAROLINA","37","SOUTHERN PIEDMONT","60","MECKLENBURG","119","","","00000000","","CATTLE","CATTLE, INCL CALVES - SALES, MEASURED IN $","OPERATORS, PRINCIPAL","OPERATORS, PRINCIPAL: (GENDER = FEMALE)","5,000","(L)"
"CENSUS","2012","YEAR","","COUNTY","NORTH CAROLINA","37","SOUTHERN PIEDMONT","60","MONTGOMERY","123","","","00000000","","CATTLE","CATTLE, INCL CALVES - SALES, MEASURED IN $","OPERATORS, PRINCIPAL","OPERATORS, PRINCIPAL: (GENDER = FEMALE)","117,000","(L)"
"CENSUS","2012","YEAR","","COUNTY","NORTH CAROLINA","37","SOUTHERN PIEDMONT","60","MOORE","125","","","00000000","","CATTLE","CATTLE, INCL CALVES - SALES, MEASURED IN $","OPERATORS, PRINCIPAL","OPERATORS, PRINCIPAL: (GENDER = FEMALE)","83,000","(L)"
"CENSUS","2012","YEAR","","COUNTY","NORTH CAROLINA","37","SOUTHERN PIEDMONT","60","RICHMOND","153","","","00000000","","CATTLE","CATTLE, INCL CALVES - SALES, MEASURED IN $","OPERATORS, PRINCIPAL","OPERATORS, PRINCIPAL: (GENDER = FEMALE)","20,000","(L)"
"CENSUS","2012","YEAR","","COUNTY","NORTH CAROLINA","37","SOUTHERN PIEDMONT","60","STANLY","167","","","00000000","","CATTLE","CATTLE, INCL CALVES - SALES, MEASURED IN $","OPERATORS, PRINCIPAL","OPERATORS, PRINCIPAL: (GENDER = FEMALE)","301,000","(L)"
"CENSUS","2012","YEAR","","COUNTY","NORTH CAROLINA","37","SOUTHERN PIEDMONT","60","UNION","179","","","00000000","","CATTLE","CATTLE, INCL CALVES - SALES, MEASURED IN $","OPERATORS, PRINCIPAL","OPERATORS, PRINCIPAL: (GENDER = FEMALE)","196,000","(L)"
"CENSUS","2012","YEAR","","COUNTY","NORTH CAROLINA","37","WESTERN MOUNTAIN","20","BUNCOMBE","021","","","00000000","","CATTLE","CATTLE, INCL CALVES - SALES, MEASURED IN $","OPERATORS, PRINCIPAL","OPERATORS, PRINCIPAL: (GENDER = FEMALE)","2,245,000","(L)"
"CENSUS","2012","YEAR","","COUNTY","NORTH CAROLINA","37","WESTERN MOUNTAIN","20","BURKE","023","","","00000000","","CATTLE","CATTLE, INCL CALVES - SALES, MEASURED IN $","OPERATORS, PRINCIPAL","OPERATORS, PRINCIPAL: (GENDER = FEMALE)"," (D)","(L)"
"CENSUS","2012","YEAR","","COUNTY","NORTH CAROLINA","37","WESTERN MOUNTAIN","20","HAYWOOD","087","","","00000000","","CATTLE","CATTLE, INCL CALVES - SALES, MEASURED IN $","OPERATORS, PRINCIPAL","OPERATORS, PRINCIPAL: (GENDER = FEMALE)","103,000","(L)"
"CENSUS","2012","YEAR","","COUNTY","NORTH CAROLINA","37","WESTERN MOUNTAIN","20","HENDERSON","089","","","00000000","","CATTLE","CATTLE, INCL CALVES - SALES, MEASURED IN $","OPERATORS, PRINCIPAL","OPERATORS, PRINCIPAL: (GENDER = FEMALE)","45,000","(L)"
"CENSUS","2012","YEAR","","COUNTY","NORTH CAROLINA","37","WESTERN MOUNTAIN","20","MACON","113","","","00000000","","CATTLE","CATTLE, INCL CALVES - SALES, MEASURED IN $","OPERATORS, PRINCIPAL","OPERATORS, PRINCIPAL: (GENDER = FEMALE)"," (D)","(L)"
"CENSUS","2012","YEAR","","COUNTY","NORTH CAROLINA","37","WESTERN MOUNTAIN","20","MADISON","115","","","00000000","","CATTLE","CATTLE, INCL CALVES - SALES, MEASURED IN $","OPERATORS, PRINCIPAL","OPERATORS, PRINCIPAL: (GENDER = FEMALE)","105,000","(L)"
"CENSUS","2012","YEAR","","COUNTY","NORTH CAROLINA","37","WESTERN MOUNTAIN","20","MCDOWELL","111","","","00000000","","CATTLE","CATTLE, INCL CALVES - SALES, MEASURED IN $","OPERATORS, PRINCIPAL","OPERATORS, PRINCIPAL: (GENDER = FEMALE)","10,000","(L)"
"CENSUS","2012","YEAR","","COUNTY","NORTH CAROLINA","37","WESTERN MOUNTAIN","20","MITCHELL","121","","","00000000","","CATTLE","CATTLE, INCL CALVES - SALES, MEASURED IN $","OPERATORS, PRINCIPAL","OPERATORS, PRINCIPAL: (GENDER = FEMALE)","21,000","(L)"
"CENSUS","2012","YEAR","","COUNTY","NORTH CAROLINA","37","WESTERN MOUNTAIN","20","POLK","149","","","00000000","","CATTLE","CATTLE, INCL CALVES - SALES, MEASURED IN $","OPERATORS, PRINCIPAL","OPERATORS, PRINCIPAL: (GENDER = FEMALE)","43,000","(L)"
"CENSUS","2012","YEAR","","COUNTY","NORTH CAROLINA","37","WESTERN MOUNTAIN","20","RUTHERFORD","161","","","00000000","","CATTLE","CATTLE, INCL CALVES - SALES, MEASURED IN $","OPERATORS, PRINCIPAL","OPERATORS, PRINCIPAL: (GENDER = FEMALE)","189,000","(L)"
